Feature,Importance
base_price,0.21153846153846154
inventory,0.1346153846153846
price_elasticity,0.0
average_rating,0.21153846153846154
competitor_price,0.19230769230769232
avg_units_sold,0.25
